[
  {
    "model": "auth.user",
    "pk": 1,
    "fields": {
      "username": "wheeler_user_1",
      "email": "smithhoward@example.com",
      "password": "pbkdf2_sha256$1000000$vLqazDnrsiBFgjVmrwXlAO$ujKhinWm54kCRUcU0/5oX8LbuhBri68oE5onQQon0QQ=",
      "is_active": true,
      "is_staff": false,
      "is_superuser": false,
      "first_name": "Douglas",
      "last_name": "Mistry"
    }
  },
  {
    "model": "auth.user",
    "pk": 2,
    "fields": {
      "username": "wheeler_user_2",
      "email": "batesrosemary@example.net",
      "password": "pbkdf2_sha256$1000000$8bWJvztjPfvv2vVFO3N9uV$Dqrw7aNBo0ovL2hCGFRGDXJ8siQbqZCCbomjRymVOWs=",
      "is_active": true,
      "is_staff": false,
      "is_superuser": false,
      "first_name": "Lucy",
      "last_name": "Cole"
    }
  },
  {
    "model": "auth.user",
    "pk": 3,
    "fields": {
      "username": "wheeler_user_3",
      "email": "patelann@example.net",
      "password": "pbkdf2_sha256$1000000$cZDV7VBayXIfnCFbBRHjLY$Or60z5rXPm3u7S31D0YETv6uV/6FsU+OJYSoJHqXb2g=",
      "is_active": true,
      "is_staff": false,
      "is_superuser": false,
      "first_name": "Patricia",
      "last_name": "Atkinson"
    }
  },
  {
    "model": "auth.user",
    "pk": 4,
    "fields": {
      "username": "wheeler_user_4",
      "email": "duncananderson@example.net",
      "password": "pbkdf2_sha256$1000000$O06y187cvvbGwnBlAWiNeh$byGWG0B+1wdeELi+FcvPcu2GUNmj9WyLGwb5WnvZoxk=",
      "is_active": true,
      "is_staff": false,
      "is_superuser": false,
      "first_name": "Robert",
      "last_name": "Pollard"
    }
  },
  {
    "model": "auth.user",
    "pk": 5,
    "fields": {
      "username": "wheeler_user_5",
      "email": "lyndaburke@example.org",
      "password": "pbkdf2_sha256$1000000$OzvLdLb1KJb4aKg8dMRgEo$bev5niJsE1znSqxBcplLHT86RkwU5m4XBrOlq8p/sK8=",
      "is_active": true,
      "is_staff": false,
      "is_superuser": false,
      "first_name": "Charles",
      "last_name": "Wilkinson"
    }
  },
  {
    "model": "auth.user",
    "pk": 6,
    "fields": {
      "username": "wheeler_user_6",
      "email": "robsonglenn@example.com",
      "password": "pbkdf2_sha256$1000000$Tiq0zxFykhzOVNKmhQ1HG7$5WGT9U4ZuIgfr1ijc03DXXj7Kb3+jdCfCMMIsrD6pRQ=",
      "is_active": true,
      "is_staff": false,
      "is_superuser": false,
      "first_name": "Georgina",
      "last_name": "Anderson"
    }
  },
  {
    "model": "auth.user",
    "pk": 7,
    "fields": {
      "username": "wheeler_user_7",
      "email": "christophergordon@example.net",
      "password": "pbkdf2_sha256$1000000$RHCpvKhHlwf1QKSO2gFTwc$49sCEjHSMQrn8eTB2cpFvsTtraobwXfOwKUndYO23gg=",
      "is_active": true,
      "is_staff": false,
      "is_superuser": false,
      "first_name": "Aimee",
      "last_name": "Hanson"
    }
  },
  {
    "model": "auth.user",
    "pk": 8,
    "fields": {
      "username": "wheeler_user_8",
      "email": "cowens@example.org",
      "password": "pbkdf2_sha256$1000000$Y49zUovIz90qpQiWX8EWwW$LAfdj2uFFU32sZbj9B5LuzReRwz/A0Bsmi71JQ44EU8=",
      "is_active": true,
      "is_staff": false,
      "is_superuser": false,
      "first_name": "Justin",
      "last_name": "Matthews"
    }
  },
  {
    "model": "auth.user",
    "pk": 9,
    "fields": {
      "username": "wheeler_user_9",
      "email": "jillnorris@example.org",
      "password": "pbkdf2_sha256$1000000$GZ4o04Zim4KM6Kta6ZQlUV$rOV3N5crwXjBhVukXParYSWpnPbhOOYqRJ22kpB/QbA=",
      "is_active": true,
      "is_staff": false,
      "is_superuser": false,
      "first_name": "Hazel",
      "last_name": "Fisher"
    }
  },
  {
    "model": "auth.user",
    "pk": 10,
    "fields": {
      "username": "wheeler_user_10",
      "email": "kathleenconnor@example.com",
      "password": "pbkdf2_sha256$1000000$LO15tW4A2pD2ZC2U3bL1M5$GizHIe1raALTObbQbVVomZMUG+3Pzc+ItKpLRgqRGO8=",
      "is_active": true,
      "is_staff": false,
      "is_superuser": false,
      "first_name": "Frank",
      "last_name": "Buckley"
    }
  },
  {
    "model": "auth.user",
    "pk": 11,
    "fields": {
      "username": "business_user_1",
      "email": "howarthduncan@example.net",
      "password": "pbkdf2_sha256$1000000$d7hpW80QJf5w7zrhjXYoSH$8ek1fO4JnJwLGP+kfLIk+e0mYf/5do1+4kiJbm4/FNI=",
      "is_active": true,
      "is_staff": false,
      "is_superuser": false,
      "first_name": "Mohammed",
      "last_name": "Marsh"
    }
  },
  {
    "model": "auth.user",
    "pk": 12,
    "fields": {
      "username": "business_user_2",
      "email": "hannah45@example.org",
      "password": "pbkdf2_sha256$1000000$huZL5eDShB8xSsRf7ZBlFJ$X3ezwao/qiUZBKUxV/5mWdXxwSzX+6gt145Zi6uzcf0=",
      "is_active": true,
      "is_staff": false,
      "is_superuser": false,
      "first_name": "Lydia",
      "last_name": "Read"
    }
  },
  {
    "model": "auth.user",
    "pk": 13,
    "fields": {
      "username": "business_user_3",
      "email": "judithwhitehouse@example.com",
      "password": "pbkdf2_sha256$1000000$ev1hECNHsWOhWW81UHuQ0C$4c8rxl/jNos1W+QCpONL6v2aID7unYFukEQnpx/jFxI=",
      "is_active": true,
      "is_staff": false,
      "is_superuser": false,
      "first_name": "Steven",
      "last_name": "Wells"
    }
  },
  {
    "model": "auth.user",
    "pk": 14,
    "fields": {
      "username": "business_user_4",
      "email": "boothdanielle@example.com",
      "password": "pbkdf2_sha256$1000000$hGhImN6CnFOG5aiKL7WoCe$JhRubOysF+cDFJ/JXNYNTGaSKha1rg2I9IDXNk2NkuU=",
      "is_active": true,
      "is_staff": false,
      "is_superuser": false,
      "first_name": "Andrea",
      "last_name": "Williams"
    }
  },
  {
    "model": "auth.user",
    "pk": 15,
    "fields": {
      "username": "business_user_5",
      "email": "sharontaylor@example.org",
      "password": "pbkdf2_sha256$1000000$nxvH5uSWT1ADPujTK3l3Yd$DX9SFYfLsrmtKETOE/NujJNf8LJm+My1m+UmAR236tY=",
      "is_active": true,
      "is_staff": false,
      "is_superuser": false,
      "first_name": "Philip",
      "last_name": "Kay"
    }
  },
  {
    "model": "auth.user",
    "pk": 16,
    "fields": {
      "username": "business_user_6",
      "email": "ufarmer@example.com",
      "password": "pbkdf2_sha256$1000000$nyJ4W1EZBq2JgLsUtJuwvP$2F7kqZteXHOKD44Y77t7uf2Y/RQ85Qxw4rufsA6khto=",
      "is_active": true,
      "is_staff": false,
      "is_superuser": false,
      "first_name": "Olivia",
      "last_name": "Peters"
    }
  },
  {
    "model": "auth.user",
    "pk": 17,
    "fields": {
      "username": "business_user_7",
      "email": "slaterraymond@example.com",
      "password": "pbkdf2_sha256$1000000$snuTcIbMUsJ3ft2xAyQiCe$zGM7/02C2I3ncqRRIYdzuZobT/f/YpDaY9iMTzp48FU=",
      "is_active": true,
      "is_staff": false,
      "is_superuser": false,
      "first_name": "Katherine",
      "last_name": "Sheppard"
    }
  },
  {
    "model": "auth.user",
    "pk": 18,
    "fields": {
      "username": "business_user_8",
      "email": "xward@example.org",
      "password": "pbkdf2_sha256$1000000$43AmEZHMWkfeO0tP2kfLD4$A9+5TOXswqGah2tGIigV3nHsoMjOPF2JlbHJhDnQ6IU=",
      "is_active": true,
      "is_staff": false,
      "is_superuser": false,
      "first_name": "Patricia",
      "last_name": "Johnson"
    }
  },
  {
    "model": "auth.user",
    "pk": 19,
    "fields": {
      "username": "business_user_9",
      "email": "fosterruth@example.net",
      "password": "pbkdf2_sha256$1000000$TjiTMP8Yr0DrpmIMevznKH$kcV/IOHCtw9m3f/zFLmk710NUV9UKDgeda8d7hga7BE=",
      "is_active": true,
      "is_staff": false,
      "is_superuser": false,
      "first_name": "Patricia",
      "last_name": "Newman"
    }
  },
  {
    "model": "auth.user",
    "pk": 20,
    "fields": {
      "username": "business_user_10",
      "email": "kentluke@example.com",
      "password": "pbkdf2_sha256$1000000$SXvvRknYCFPXn7hVeYK9vZ$fVZbbSw7exM4C20S6ZyB4hifl8Ef1E/a4gaD6PhumKE=",
      "is_active": true,
      "is_staff": false,
      "is_superuser": false,
      "first_name": "Sylvia",
      "last_name": "Ward"
    }
  },
  {
    "model": "accounts.userprofile",
    "pk": 1,
    "fields": {
      "user": 1,
      "is_wheeler": true,
      "has_business": false,
      "country": "GB",
      "county": "Monmouthshire",
      "mobility_device": "bicycle",
      "age_group": "55_64",
      "created_at": "2021-05-20 03:33:34+00:00",
      "updated_at": "2025-05-01 16:16:20+00:00"
    }
  },
  {
    "model": "accounts.userprofile",
    "pk": 2,
    "fields": {
      "user": 2,
      "is_wheeler": true,
      "has_business": false,
      "country": "GB",
      "county": "Merionethshire",
      "mobility_device": "all_terrain_wheelchair",
      "age_group": "65_plus",
      "created_at": "2020-03-31 12:08:52+00:00",
      "updated_at": "2025-07-07 01:06:54+00:00"
    }
  },
  {
    "model": "accounts.userprofile",
    "pk": 3,
    "fields": {
      "user": 3,
      "is_wheeler": true,
      "has_business": false,
      "country": "GB",
      "county": "Renfrewshire",
      "mobility_device": "all_terrain_wheelchair",
      "age_group": "45_54",
      "created_at": "2025-05-27 00:32:20+00:00",
      "updated_at": "2025-04-28 10:01:22+00:00"
    }
  },
  {
    "model": "accounts.userprofile",
    "pk": 4,
    "fields": {
      "user": 4,
      "is_wheeler": true,
      "has_business": false,
      "country": "GB",
      "county": "Dumfries and Galloway",
      "mobility_device": "manual_wheelchair",
      "age_group": "18_24",
      "created_at": "2020-11-25 12:14:10+00:00",
      "updated_at": "2025-01-11 01:45:09+00:00"
    }
  },
  {
    "model": "accounts.userprofile",
    "pk": 5,
    "fields": {
      "user": 5,
      "is_wheeler": true,
      "has_business": false,
      "country": "GB",
      "county": "Anglesey",
      "mobility_device": "manual_wheelchair_with_powered_front_attachment",
      "age_group": "45_54",
      "created_at": "2024-06-12 22:15:07+00:00",
      "updated_at": "2025-06-19 00:10:05+00:00"
    }
  },
  {
    "model": "accounts.userprofile",
    "pk": 6,
    "fields": {
      "user": 6,
      "is_wheeler": true,
      "has_business": false,
      "country": "GB",
      "county": "Aberdeen City",
      "mobility_device": "manual_wheelchair_with_powered_front_attachment",
      "age_group": "65_plus",
      "created_at": "2020-08-07 00:07:26+00:00",
      "updated_at": "2025-01-14 22:40:29+00:00"
    }
  },
  {
    "model": "accounts.userprofile",
    "pk": 7,
    "fields": {
      "user": 7,
      "is_wheeler": true,
      "has_business": false,
      "country": "GB",
      "county": "Glamorgan",
      "mobility_device": "bicycle",
      "age_group": "under_18",
      "created_at": "2023-07-07 21:43:31+00:00",
      "updated_at": "2025-02-14 04:25:21+00:00"
    }
  },
  {
    "model": "accounts.userprofile",
    "pk": 8,
    "fields": {
      "user": 8,
      "is_wheeler": true,
      "has_business": false,
      "country": "GB",
      "county": "Oxfordshire",
      "mobility_device": "powered_wheelchair",
      "age_group": "55_64",
      "created_at": "2022-12-20 11:20:38+00:00",
      "updated_at": "2025-06-24 10:58:03+00:00"
    }
  },
  {
    "model": "accounts.userprofile",
    "pk": 9,
    "fields": {
      "user": 9,
      "is_wheeler": true,
      "has_business": false,
      "country": "GB",
      "county": "Devon",
      "mobility_device": "all_terrain_wheelchair",
      "age_group": "45_54",
      "created_at": "2025-04-27 06:06:25+00:00",
      "updated_at": "2025-02-28 12:09:29+00:00"
    }
  },
  {
    "model": "accounts.userprofile",
    "pk": 10,
    "fields": {
      "user": 10,
      "is_wheeler": true,
      "has_business": false,
      "country": "GB",
      "county": "West Sussex",
      "mobility_device": "mobility_scooter_class_2",
      "age_group": "45_54",
      "created_at": "2025-03-02 07:57:43+00:00",
      "updated_at": "2025-05-08 13:40:15+00:00"
    }
  },
  {
    "model": "accounts.userprofile",
    "pk": 11,
    "fields": {
      "user": 11,
      "is_wheeler": false,
      "has_business": true,
      "country": "UK",
      "county": "Bristol",
      "mobility_device": null,
      "age_group": "65_plus",
      "created_at": "2025-04-09 21:48:05+00:00",
      "updated_at": "2025-06-03 23:34:58+00:00"
    }
  },
  {
    "model": "accounts.userprofile",
    "pk": 12,
    "fields": {
      "user": 12,
      "is_wheeler": false,
      "has_business": true,
      "country": "UK",
      "county": "Orkney Islands",
      "mobility_device": null,
      "age_group": "35_44",
      "created_at": "2024-04-19 21:03:58+00:00",
      "updated_at": "2025-07-11 22:47:12+00:00"
    }
  },
  {
    "model": "accounts.userprofile",
    "pk": 13,
    "fields": {
      "user": 13,
      "is_wheeler": false,
      "has_business": true,
      "country": "UK",
      "county": "Greater Manchester",
      "mobility_device": null,
      "age_group": "18_24",
      "created_at": "2023-12-13 18:36:12+00:00",
      "updated_at": "2025-02-27 00:11:49+00:00"
    }
  },
  {
    "model": "accounts.userprofile",
    "pk": 14,
    "fields": {
      "user": 14,
      "is_wheeler": false,
      "has_business": true,
      "country": "UK",
      "county": "Nottinghamshire",
      "mobility_device": null,
      "age_group": "18_24",
      "created_at": "2023-05-25 19:05:08+00:00",
      "updated_at": "2025-07-21 17:01:48+00:00"
    }
  },
  {
    "model": "accounts.userprofile",
    "pk": 15,
    "fields": {
      "user": 15,
      "is_wheeler": false,
      "has_business": true,
      "country": "UK",
      "county": "Montgomeryshire",
      "mobility_device": null,
      "age_group": "18_24",
      "created_at": "2020-03-20 03:41:59+00:00",
      "updated_at": "2025-02-25 19:19:15+00:00"
    }
  },
  {
    "model": "accounts.userprofile",
    "pk": 16,
    "fields": {
      "user": 16,
      "is_wheeler": false,
      "has_business": true,
      "country": "UK",
      "county": "Cornwall",
      "mobility_device": null,
      "age_group": "45_54",
      "created_at": "2024-11-22 12:37:43+00:00",
      "updated_at": "2025-03-04 03:11:47+00:00"
    }
  },
  {
    "model": "accounts.userprofile",
    "pk": 17,
    "fields": {
      "user": 17,
      "is_wheeler": false,
      "has_business": true,
      "country": "UK",
      "county": "East Sussex",
      "mobility_device": null,
      "age_group": "45_54",
      "created_at": "2025-07-07 22:36:44+00:00",
      "updated_at": "2025-02-12 17:17:08+00:00"
    }
  },
  {
    "model": "accounts.userprofile",
    "pk": 18,
    "fields": {
      "user": 18,
      "is_wheeler": false,
      "has_business": true,
      "country": "UK",
      "county": "Swansea",
      "mobility_device": null,
      "age_group": "55_64",
      "created_at": "2020-11-09 09:54:43+00:00",
      "updated_at": "2025-01-22 15:22:33+00:00"
    }
  },
  {
    "model": "accounts.userprofile",
    "pk": 19,
    "fields": {
      "user": 19,
      "is_wheeler": false,
      "has_business": true,
      "country": "UK",
      "county": "Glasgow City",
      "mobility_device": null,
      "age_group": "25_34",
      "created_at": "2024-10-21 22:53:35+00:00",
      "updated_at": "2025-03-26 11:17:22+00:00"
    }
  },
  {
    "model": "accounts.userprofile",
    "pk": 20,
    "fields": {
      "user": 20,
      "is_wheeler": false,
      "has_business": true,
      "country": "UK",
      "county": "Greater London",
      "mobility_device": null,
      "age_group": "under_18",
      "created_at": "2024-12-05 08:56:15+00:00",
      "updated_at": "2025-05-14 02:06:51+00:00"
    }
  },
  {
    "model": "account.emailaddress",
    "pk": 1,
    "fields": {
      "user": 1,
      "email": "smithhoward@example.com",
      "verified": true,
      "primary": true
    }
  },
  {
    "model": "account.emailaddress",
    "pk": 2,
    "fields": {
      "user": 2,
      "email": "batesrosemary@example.net",
      "verified": true,
      "primary": true
    }
  },
  {
    "model": "account.emailaddress",
    "pk": 3,
    "fields": {
      "user": 3,
      "email": "patelann@example.net",
      "verified": true,
      "primary": true
    }
  },
  {
    "model": "account.emailaddress",
    "pk": 4,
    "fields": {
      "user": 4,
      "email": "duncananderson@example.net",
      "verified": true,
      "primary": true
    }
  },
  {
    "model": "account.emailaddress",
    "pk": 5,
    "fields": {
      "user": 5,
      "email": "lyndaburke@example.org",
      "verified": true,
      "primary": true
    }
  },
  {
    "model": "account.emailaddress",
    "pk": 6,
    "fields": {
      "user": 6,
      "email": "robsonglenn@example.com",
      "verified": true,
      "primary": true
    }
  },
  {
    "model": "account.emailaddress",
    "pk": 7,
    "fields": {
      "user": 7,
      "email": "christophergordon@example.net",
      "verified": true,
      "primary": true
    }
  },
  {
    "model": "account.emailaddress",
    "pk": 8,
    "fields": {
      "user": 8,
      "email": "cowens@example.org",
      "verified": true,
      "primary": true
    }
  },
  {
    "model": "account.emailaddress",
    "pk": 9,
    "fields": {
      "user": 9,
      "email": "jillnorris@example.org",
      "verified": true,
      "primary": true
    }
  },
  {
    "model": "account.emailaddress",
    "pk": 10,
    "fields": {
      "user": 10,
      "email": "kathleenconnor@example.com",
      "verified": true,
      "primary": true
    }
  },
  {
    "model": "account.emailaddress",
    "pk": 11,
    "fields": {
      "user": 11,
      "email": "howarthduncan@example.net",
      "verified": true,
      "primary": true
    }
  },
  {
    "model": "account.emailaddress",
    "pk": 12,
    "fields": {
      "user": 12,
      "email": "hannah45@example.org",
      "verified": true,
      "primary": true
    }
  },
  {
    "model": "account.emailaddress",
    "pk": 13,
    "fields": {
      "user": 13,
      "email": "judithwhitehouse@example.com",
      "verified": true,
      "primary": true
    }
  },
  {
    "model": "account.emailaddress",
    "pk": 14,
    "fields": {
      "user": 14,
      "email": "boothdanielle@example.com",
      "verified": true,
      "primary": true
    }
  },
  {
    "model": "account.emailaddress",
    "pk": 15,
    "fields": {
      "user": 15,
      "email": "sharontaylor@example.org",
      "verified": true,
      "primary": true
    }
  },
  {
    "model": "account.emailaddress",
    "pk": 16,
    "fields": {
      "user": 16,
      "email": "ufarmer@example.com",
      "verified": true,
      "primary": true
    }
  },
  {
    "model": "account.emailaddress",
    "pk": 17,
    "fields": {
      "user": 17,
      "email": "slaterraymond@example.com",
      "verified": true,
      "primary": true
    }
  },
  {
    "model": "account.emailaddress",
    "pk": 18,
    "fields": {
      "user": 18,
      "email": "xward@example.org",
      "verified": true,
      "primary": true
    }
  },
  {
    "model": "account.emailaddress",
    "pk": 19,
    "fields": {
      "user": 19,
      "email": "fosterruth@example.net",
      "verified": true,
      "primary": true
    }
  },
  {
    "model": "account.emailaddress",
    "pk": 20,
    "fields": {
      "user": 20,
      "email": "kentluke@example.com",
      "verified": true,
      "primary": true
    }
  },
  {
    "model": "businesses.business",
    "pk": 1,
    "fields": {
      "business_owner": 11,
      "business_name": "Abbott, Turner and Smith",
      "description": "Voluptas vel cumque perferendis atque.",
      "categories": [
        51,
        38
      ],
      "location": "POINT (-1.738782 54.664229)",
      "address": "92 Coates club\nEast Pamelaport\nRG4R 7WF",
      "accessibility_features": [
        7,
        16,
        10,
        14,
        15,
        3,
        2,
        13,
        9,
        12,
        5,
        6,
        8
      ],
      "logo": null,
      "website": "https://www.patel.net/",
      "opening_hours": "Mon-Fri 09:00-17:00",
      "public_phone": "+44118 4960189",
      "contact_phone": "(020) 74960175",
      "public_email": "george39@harris-allen.org",
      "services_offered": "Dolor dolore ad est dolore.",
      "special_offers": "Laborum fuga accusamus maxime quos saepe minus consectetur dolorum.",
      "facebook_url": "https://facebook.com/no-always-just",
      "instagram_url": "https://instagram.com/care-you-guy-parent",
      "x_twitter_url": "https://twitter.com/collection-along",
      "pricing_tier": 1,
      "billing_frequency": "monthly",
      "wheeler_verification_requested": false,
      "verified_by_wheelers": false,
      "wheeler_verification_notes": "Ratione temporibus alias iste optio vel accusantium voluptates.",
      "is_approved": true,
      "created_at": "2022-10-14 21:52:01+00:00"
    }
  },
  {
    "model": "businesses.business",
    "pk": 2,
    "fields": {
      "business_owner": 12,
      "business_name": "Chapman, Evans and Hutchinson",
      "description": "Dolorum exercitationem saepe nihil.",
      "categories": [
        31
      ],
      "location": "POINT (-0.275653 53.242727)",
      "address": "12 Lorraine causeway\nElizabethborough\nW8 4PG",
      "accessibility_features": [
        4,
        9,
        12,
        7
      ],
      "logo": null,
      "website": "https://mills.net/",
      "opening_hours": "Mon-Fri 09:00-17:00",
      "public_phone": "+44117 496 0726",
      "contact_phone": "0191 4960012",
      "public_email": "sheilagardner@hewitt.co.uk",
      "services_offered": "Veniam deserunt ab exercitationem.",
      "special_offers": "Beatae vel impedit repudiandae distinctio facere sapiente ex debitis.",
      "facebook_url": "https://facebook.com/hundred-seat-out",
      "instagram_url": "https://instagram.com/theory-half",
      "x_twitter_url": "https://twitter.com/lose-fact-middle",      
      "pricing_tier": 2,
      "billing_frequency": "monthly",
      "wheeler_verification_requested": false,
      "verified_by_wheelers": true,
      "wheeler_verification_notes": "Totam commodi perferendis cum velit maxime.",
      "is_approved": true,
      "created_at": "2021-01-15 23:35:45+00:00"
    }
  },
  {
    "model": "businesses.business",
    "pk": 3,
    "fields": {
      "business_owner": 13,
      "business_name": "Lambert-Watson",
      "description": "Dolorum repudiandae maiores.",
      "categories": [
        80
      ],
      "location": "POINT (-0.639529 52.087092)",
      "address": "000 Sheila stravenue\nBurgessmouth\nSM1 4GW",
      "accessibility_features": [
        13,
        14,
        2,
        9,
        15,
        6,
        7,
        4,
        10,
        3,
        16,
        12,
        8,
        1
      ],
      "logo": null,
      "website": "http://sims-campbell.org/",
      "opening_hours": "Mon-Fri 09:00-17:00",
      "public_phone": "+44161 4960541",
      "contact_phone": "01134960171",
      "public_email": "mitchell50@griffin.com",
      "services_offered": "Earum fugit voluptates rerum labore dignissimos odio corrupti.",
      "special_offers": "Tenetur provident nulla aut placeat voluptatem temporibus molestias quas.",
      "facebook_url": "https://facebook.com/it-enough-bar",
      "instagram_url": "https://instagram.com/involve-performance",
      "x_twitter_url": "https://twitter.com/institution-your",
      
      "pricing_tier": 2,
      "billing_frequency": "yearly",
      "wheeler_verification_requested": true,
      "verified_by_wheelers": true,
      "wheeler_verification_notes": "Dolor incidunt tempore numquam recusandae.",
      "is_approved": true,
      "created_at": "2025-01-02 14:15:26+00:00"
    }
  },
  {
    "model": "businesses.business",
    "pk": 4,
    "fields": {
      "business_owner": 14,
      "business_name": "Ford-Ward",
      "description": "Vero voluptatem beatae consequuntur blanditiis.",
      "categories": [
        39
      ],
      "location": "POINT (-1.270903 53.867063)",
      "address": "6 Sharp ways\nHillmouth\nN45 3LX",
      "accessibility_features": [
        6,
        1,
        8
      ],
      "logo": null,
      "website": "https://kay.net/",
      "opening_hours": "Mon-Fri 09:00-17:00",
      "public_phone": "+44(0)808 1570656",
      "contact_phone": "0131 496 0397",
      "public_email": "bakerleanne@odonnell.com",
      "services_offered": "Inventore assumenda quod sunt repellat.",
      "special_offers": "Modi doloribus pariatur omnis architecto error quam.",
      "facebook_url": "https://facebook.com/owner-seem-two",
      "instagram_url": "https://instagram.com/stock-interest",
      "x_twitter_url": "https://twitter.com/community-tough",
      "pricing_tier": 2,
      "billing_frequency": "monthly",
      "wheeler_verification_requested": true,
      "verified_by_wheelers": false,
      "wheeler_verification_notes": "Enim soluta deserunt necessitatibus.",
      "is_approved": true,
      "created_at": "2022-05-28 05:37:37+00:00"
    }
  },
  {
    "model": "businesses.business",
    "pk": 5,
    "fields": {
      "business_owner": 15,
      "business_name": "Brooks and Sons",
      "description": "Illo dolorem accusantium facilis quidem.",
      "categories": [
        8
      ],
      "location": "POINT (1.339292 52.215717)",
      "address": "Flat 06Y\nShirley radial\nHillchester\nTR1H 9UX",
      "accessibility_features": [
        3,
        11,
        5,
        9,
        16,
        2,
        12,
        7,
        8,
        1,
        14,
        13
      ],
      "logo": null,
      "website": "http://www.lewis.com/",
      "opening_hours": "Mon-Fri 09:00-17:00",
      "public_phone": "+44(0)1164960557",
      "contact_phone": "(0118) 496 0523",
      "public_email": "xbray@morris.com",
      "services_offered": "Dolore odio dolore necessitatibus.",
      "special_offers": "A maiores repellat ipsam accusantium natus.",
      "facebook_url": "https://facebook.com/herself-rock-bit",
      "instagram_url": "https://instagram.com/century-third",
      "x_twitter_url": "https://twitter.com/huge-training",
      "pricing_tier": 3,
      "billing_frequency": "monthly",
      "wheeler_verification_requested": false,
      "verified_by_wheelers": true,
      "wheeler_verification_notes": "Rerum at rem suscipit fugit.",
      "is_approved": true,
      "created_at": "2021-03-06 09:55:27+00:00"
    }
  },
  {
    "model": "businesses.business",
    "pk": 6,
    "fields": {
      "business_owner": 16,
      "business_name": "Taylor Inc",
      "description": "Praesentium amet necessitatibus deserunt.",
      "categories": [
        42
      ],
      "location": "POINT (-0.92172 53.977317)",
      "address": "Flat 19\nRobertson ports\nPatelberg\nS0 8HF",
      "accessibility_features": [
        3,
        10,
        13,
        2,
        14,
        7,
        15,
        6,
        5
      ],
      "logo": null,
      "website": "https://wilkins.info/",
      "opening_hours": "Mon-Fri 09:00-17:00",
      "public_phone": "+441154960036",
      "contact_phone": "(029) 2018 0045",
      "public_email": "lwright@taylor-fox.com",
      "services_offered": "Beatae sequi assumenda vero.",
      "special_offers": "Ipsa voluptatem quaerat libero dolore asperiores quasi amet nisi perferendis.",
      "facebook_url": "https://facebook.com/drop-key-city-would",
      "instagram_url": "https://instagram.com/world-great-owner",
      "x_twitter_url": "https://twitter.com/expert-contain-man",
      "pricing_tier": 1,
      "billing_frequency": "yearly",
      "wheeler_verification_requested": true,
      "verified_by_wheelers": false,
      "wheeler_verification_notes": "Excepturi perferendis eaque ab mollitia quae.",
      "is_approved": true,
      "created_at": "2024-06-16 18:32:23+00:00"
    }
  },
  {
    "model": "businesses.business",
    "pk": 7,
    "fields": {
      "business_owner": 17,
      "business_name": "Webb LLC",
      "description": "Odio quisquam veniam hic.",
      "categories": [
        68
      ],
      "location": "POINT (-3.28474 54.555543)",
      "address": "7 Carr trafficway\nLake Jill\nW8C 6JG",
      "accessibility_features": [
        12,
        2,
        13,
        7
      ],
      "logo": null,
      "website": "http://www.blackburn.co.uk/",
      "opening_hours": "Mon-Fri 09:00-17:00",
      "public_phone": "(0116) 4960379",
      "contact_phone": "+44306 9990230",
      "public_email": "lukecarter@carter.com",
      "services_offered": "Impedit officia veritatis impedit quibusdam modi quos animi.",
      "special_offers": "Tempore consequatur ea quaerat autem voluptates magnam laudantium.",
      "facebook_url": "https://facebook.com/term-edge-edge",
      "instagram_url": "https://instagram.com/what-course",
      "x_twitter_url": "https://twitter.com/page-dinner-ok",
      "pricing_tier": 2,
      "billing_frequency": "monthly",
      "wheeler_verification_requested": true,
      "verified_by_wheelers": true,
      "wheeler_verification_notes": "Magnam deserunt neque eius est facilis earum.",
      "is_approved": true,
      "created_at": "2024-06-10 02:11:09+00:00"
    }
  },
  {
    "model": "businesses.business",
    "pk": 8,
    "fields": {
      "business_owner": 18,
      "business_name": "Johnson PLC",
      "description": "Doloribus nisi eveniet sequi.",
      "categories": [
        73
      ],
      "location": "POINT (-2.556808 50.896658)",
      "address": "Studio 0\nBowen locks\nLake Steven\nRH9 8XT",
      "accessibility_features": [
        5,
        10,
        15,
        2,
        12,
        9,
        3,
        14,
        11,
        13,
        1,
        7,
        8,
        4,
        6
      ],
      "logo": null,
      "website": "https://www.shepherd.com/",
      "opening_hours": "Mon-Fri 09:00-17:00",
      "public_phone": "020 7946 0813",
      "contact_phone": "+44(0)1632960699",
      "public_email": "mwatson@dickinson.com",
      "services_offered": "Veritatis molestiae saepe aperiam modi.",
      "special_offers": "Necessitatibus fugit modi consectetur quidem.",
      "facebook_url": "https://facebook.com/avoid-challenge",
      "instagram_url": "https://instagram.com/soldier-measure-hot",
      "x_twitter_url": "https://twitter.com/bed-bag-out-want",
      "pricing_tier": 1,
      "billing_frequency": "yearly",
      "wheeler_verification_requested": false,
      "verified_by_wheelers": true,
      "wheeler_verification_notes": "Dolorem aliquam quam deserunt consequatur.",
      "is_approved": true,
      "created_at": "2021-09-15 01:00:54+00:00"
    }
  },
  {
    "model": "businesses.business",
    "pk": 9,
    "fields": {
      "business_owner": 19,
      "business_name": "Richards, Rogers and Brooks",
      "description": "Beatae iure quibusdam ipsum repellendus.",
      "categories": [
        43
      ],
      "location": "POINT (0.151925 53.106227)",
      "address": "2 Jones junction\nNew Suzanne\nIV4 5EA",
      "accessibility_features": [
        9,
        6,
        7,
        10,
        11,
        1,
        5,
        4,
        13,
        8,
        12,
        16,
        15
      ],
      "logo": null,
      "website": "http://www.smith.co.uk/",
      "opening_hours": "Mon-Fri 09:00-17:00",
      "public_phone": "(028)9018071",
      "contact_phone": "(0808)1570051",
      "public_email": "paige84@blake.com",
      "services_offered": "Repellat nulla commodi aliquid.",
      "special_offers": "Recusandae explicabo doloremque non laborum.",
      "facebook_url": "https://facebook.com/scene-film-send",
      "instagram_url": "https://instagram.com/product-message",
      "x_twitter_url": "https://twitter.com/fight-join-life",
      "pricing_tier": 3,
      "billing_frequency": "monthly",
      "wheeler_verification_requested": false,
      "verified_by_wheelers": true,
      "wheeler_verification_notes": "Facere repudiandae facilis eos impedit.",
      "is_approved": true,
      "created_at": "2020-04-13 17:29:07+00:00"
    }
  },
  {
    "model": "businesses.business",
    "pk": 10,
    "fields": {
      "business_owner": 20,
      "business_name": "Clarke-Myers",
      "description": "Voluptatibus asperiores ipsum vero modi quas aliquam dolor.",
      "categories": [
        14
      ],
      "location": "POINT (-0.587868 53.271401)",
      "address": "Studio 3\nDeborah burg\nDenisefort\nGU21 7RE",
      "accessibility_features": [],
      "logo": null,
      "website": "http://payne.com/",
      "opening_hours": "Mon-Fri 09:00-17:00",
      "public_phone": "029 2018 0074",
      "contact_phone": "0116 496 0096",
      "public_email": "poolegraeme@west.co.uk",
      "services_offered": "Delectus cum ipsa et sapiente.",
      "special_offers": "Possimus praesentium velit neque quae occaecati veniam voluptate.",
      "facebook_url": "https://facebook.com/social-along-type",
      "instagram_url": "https://instagram.com/long-fact-view",
      "x_twitter_url": "https://twitter.com/data-dark-almost",
      "pricing_tier": 2,
      "billing_frequency": "monthly",
      "wheeler_verification_requested": true,
      "verified_by_wheelers": false,
      "wheeler_verification_notes": "Earum quis incidunt ullam ratione impedit.",
      "is_approved": true,
      "created_at": "2025-01-09 00:01:31+00:00"
    }
  }
]