[
  {
    "model": "auth.user",
    "pk": 1,
    "fields": {
      "username": "clarkjennifer0",
      "email": "juliejoseph@example.net",
      "password": "pbkdf2_sha256$1000000$fRqzs7LoCx5dRldRILYvXM$K9FNnZGmzXr6Xe93KT6o56b6WfiSmamhxxmCB/uLrTw=",
      "is_active": true,
      "is_staff": false,
      "is_superuser": false,
      "first_name": "Lisa",
      "last_name": "Knox"
    }
  },
  {
    "model": "auth.user",
    "pk": 2,
    "fields": {
      "username": "esmith1",
      "email": "joan62@example.net",
      "password": "pbkdf2_sha256$1000000$pVUpbWex48Ct9es0MCFnpo$RE3y+0rm+IZb+BbmRV++rP8DSJ6TpdmboxBgzKTFgFU=",
      "is_active": true,
      "is_staff": false,
      "is_superuser": false,
      "first_name": "Tammy",
      "last_name": "Clark"
    }
  },
  {
    "model": "auth.user",
    "pk": 3,
    "fields": {
      "username": "ysantos2",
      "email": "cookkayla@example.org",
      "password": "pbkdf2_sha256$1000000$Cwl7O2HET9yiIaHPdEEb9r$IJ/9g/YL43m5ZVzUNIKNWUJx5uax2KmLNKoFffAn+Ug=",
      "is_active": true,
      "is_staff": false,
      "is_superuser": false,
      "first_name": "Raymond",
      "last_name": "Austin"
    }
  },
  {
    "model": "auth.user",
    "pk": 4,
    "fields": {
      "username": "anthony793",
      "email": "lorianderson@example.org",
      "password": "pbkdf2_sha256$1000000$Meyn6VqHnlFW6sU57k1nLk$w7eDDMfsTXAcA+47y6RgLgVp9v+JLDPu06oIZ7wnuAE=",
      "is_active": true,
      "is_staff": false,
      "is_superuser": false,
      "first_name": "Tammy",
      "last_name": "Williams"
    }
  },
  {
    "model": "auth.user",
    "pk": 5,
    "fields": {
      "username": "ehall4",
      "email": "zachary85@example.org",
      "password": "pbkdf2_sha256$1000000$NcgHOgntNvs4XF9vpE3OYR$rgHfqBV7E8+ZGChlOVm1c8PaqR6u7fOcr4eiTmYzb/w=",
      "is_active": true,
      "is_staff": false,
      "is_superuser": false,
      "first_name": "Brent",
      "last_name": "Thomas"
    }
  },
  {
    "model": "auth.user",
    "pk": 6,
    "fields": {
      "username": "robertwilliams5",
      "email": "nmiller@example.org",
      "password": "pbkdf2_sha256$1000000$HhLcm0lBloRNymoipFckZd$0KSS2LhSH9SF+DanbAoi3kwJbBC/wgKUvky60ovQAOw=",
      "is_active": true,
      "is_staff": false,
      "is_superuser": false,
      "first_name": "Maria",
      "last_name": "Ortiz"
    }
  },
  {
    "model": "auth.user",
    "pk": 7,
    "fields": {
      "username": "melissablake6",
      "email": "ghill@example.net",
      "password": "pbkdf2_sha256$1000000$0MZJ0PjLJjgmFOA2pD5cBi$iuFHHNdO9Fb4A3a+knCcX2qOovWLs5rIgRONyg0ickc=",
      "is_active": true,
      "is_staff": false,
      "is_superuser": false,
      "first_name": "Bruce",
      "last_name": "Wood"
    }
  },
  {
    "model": "auth.user",
    "pk": 8,
    "fields": {
      "username": "lewismary7",
      "email": "william29@example.net",
      "password": "pbkdf2_sha256$1000000$lLWo56jf2WhRL6MGNmRrJ2$Od32dmOT9FPM3bmdHLMSYmCs9sbEd3eu4gUw8ZOIV4Q=",
      "is_active": true,
      "is_staff": false,
      "is_superuser": false,
      "first_name": "Shawn",
      "last_name": "Davila"
    }
  },
  {
    "model": "auth.user",
    "pk": 9,
    "fields": {
      "username": "michaelwebb8",
      "email": "brooke27@example.org",
      "password": "pbkdf2_sha256$1000000$b2Vfx4nHoazEIRJPdUdMNg$3m53zBsTEpZDmRDIzdtnvZT/ZLb8eXtczvRZ4+rkkBA=",
      "is_active": true,
      "is_staff": false,
      "is_superuser": false,
      "first_name": "Logan",
      "last_name": "Turner"
    }
  },
  {
    "model": "auth.user",
    "pk": 10,
    "fields": {
      "username": "qbennett9",
      "email": "gwashington@example.org",
      "password": "pbkdf2_sha256$1000000$wG36NBlrDfu8QoQiZS8i5k$W4BX36zct2QzCNXL5Ku4xawNw3R87bNhD4UmxJ4bbTA=",
      "is_active": true,
      "is_staff": false,
      "is_superuser": false,
      "first_name": "Shawn",
      "last_name": "Hughes"
    }
  },
  {
    "model": "auth.user",
    "pk": 11,
    "fields": {
      "username": "sabrinamiranda10",
      "email": "vsalinas@example.net",
      "password": "pbkdf2_sha256$1000000$2iUpkJtoSwt0NaF6BwviQW$TpJRhWWPPyezVbAEpGr0l2rJJ5xRdScN/kv7x75PLYI=",
      "is_active": true,
      "is_staff": false,
      "is_superuser": false,
      "first_name": "John",
      "last_name": "Schmidt"
    }
  },
  {
    "model": "auth.user",
    "pk": 12,
    "fields": {
      "username": "nfritz11",
      "email": "robertcurtis@example.org",
      "password": "pbkdf2_sha256$1000000$uDe0Z24XGcCOXR29m6ulJ5$JjiiL2jkbw3BSLWgxkRE5YJW7O4yOXPMkhi9qMDHe7I=",
      "is_active": true,
      "is_staff": false,
      "is_superuser": false,
      "first_name": "Scott",
      "last_name": "Jones"
    }
  },
  {
    "model": "auth.user",
    "pk": 13,
    "fields": {
      "username": "lesliemontgomery12",
      "email": "xmack@example.org",
      "password": "pbkdf2_sha256$1000000$2OfrGSrTxdYjQ12TlbbaRj$AOm6ktgGOZ3E1WC1bNOxW/1T3R8+gYEJb2rZ0Y6cIaw=",
      "is_active": true,
      "is_staff": false,
      "is_superuser": false,
      "first_name": "Cody",
      "last_name": "Mills"
    }
  },
  {
    "model": "auth.user",
    "pk": 14,
    "fields": {
      "username": "jennifer2113",
      "email": "qtorres@example.org",
      "password": "pbkdf2_sha256$1000000$sd7NabTMuvQeDxbviUAKYC$7+PJAE8Dh9Z4tm0PZxqKBt9fepAp2WQ6RsJ/+A+V1+c=",
      "is_active": true,
      "is_staff": false,
      "is_superuser": false,
      "first_name": "Erin",
      "last_name": "Nguyen"
    }
  },
  {
    "model": "auth.user",
    "pk": 15,
    "fields": {
      "username": "ismith14",
      "email": "walkerjason@example.com",
      "password": "pbkdf2_sha256$1000000$lTWLqrYIFE2ajiyXSwgSm7$ikizw2aNKk57IrcRRW3BzVViJySsrvtxhEiV31T4G5s=",
      "is_active": true,
      "is_staff": false,
      "is_superuser": false,
      "first_name": "Kimberly",
      "last_name": "Rocha"
    }
  },
  {
    "model": "auth.user",
    "pk": 16,
    "fields": {
      "username": "davidmorgan15",
      "email": "malik27@example.net",
      "password": "pbkdf2_sha256$1000000$E3CC9ExNiRKEG7tjh1c6R6$vf2DYPJxUDqZraIk1l7yRi88ZuNPPHSoIoPpQ7F0KbM=",
      "is_active": true,
      "is_staff": false,
      "is_superuser": false,
      "first_name": "Michelle",
      "last_name": "Delgado"
    }
  },
  {
    "model": "auth.user",
    "pk": 17,
    "fields": {
      "username": "jmartinez16",
      "email": "jbrown@example.org",
      "password": "pbkdf2_sha256$1000000$ZAyTpyiyRHdwe40dslRCtc$BN1XNrZ3GobseUCaGr39cR05dhhHEvvnw5ieGOmeIcA=",
      "is_active": true,
      "is_staff": false,
      "is_superuser": false,
      "first_name": "Robert",
      "last_name": "Bell"
    }
  },
  {
    "model": "auth.user",
    "pk": 18,
    "fields": {
      "username": "jenniferwilson17",
      "email": "xflores@example.org",
      "password": "pbkdf2_sha256$1000000$xvZrYjRAT3iklvZKsmUG71$UWaOOpDrWgXx8TuCBgCgYYQBpvAPEOHu4h9F9jJiB7U=",
      "is_active": true,
      "is_staff": false,
      "is_superuser": false,
      "first_name": "Rodney",
      "last_name": "Barrett"
    }
  },
  {
    "model": "auth.user",
    "pk": 19,
    "fields": {
      "username": "zpatterson18",
      "email": "adamsjennifer@example.net",
      "password": "pbkdf2_sha256$1000000$PAfpiu0lSzxgUCmUduzS7g$GQsg/8DEoA3Xyk1pRQ9bvtYUcg1GVlqdDQlXjl/tu5I=",
      "is_active": true,
      "is_staff": false,
      "is_superuser": false,
      "first_name": "Jason",
      "last_name": "Williams"
    }
  },
  {
    "model": "auth.user",
    "pk": 20,
    "fields": {
      "username": "meghanfrazier19",
      "email": "bryanshaffer@example.com",
      "password": "pbkdf2_sha256$1000000$IHy4tTc9KxjRj5g7UOKOsv$p61kd/hqhqf+OgUSvC5GJ7MU/b0T34LSftIp0IaFFGY=",
      "is_active": true,
      "is_staff": false,
      "is_superuser": false,
      "first_name": "Shawn",
      "last_name": "Stanton"
    }
  },
  {
    "model": "accounts.userprofile",
    "pk": 1,
    "fields": {
      "user": 1,
      "is_wheeler": false,
      "has_business": true,
      "country": "UK",
      "county": "Northamptonshire",
      "mobility_device": null,
      "profile_picture": "",
      "bio": "Trade security would executive write child better those.",
      "age_group": "45_54",
      "created_at": "2021-12-24 11:26:28+00:00",
      "updated_at": "2025-04-18 12:01:36+00:00"
    }
  },
  {
    "model": "accounts.userprofile",
    "pk": 2,
    "fields": {
      "user": 2,
      "is_wheeler": true,
      "has_business": true,
      "country": "UK",
      "county": "East Sussex",
      "mobility_device": "tricycle",
      "profile_picture": "",
      "bio": "Into arm I some service someone.",
      "age_group": "18_24",
      "created_at": "2025-05-03 13:08:53+00:00",
      "updated_at": "2025-04-10 02:22:48+00:00"
    }
  },
  {
    "model": "accounts.userprofile",
    "pk": 3,
    "fields": {
      "user": 3,
      "is_wheeler": false,
      "has_business": true,
      "country": "UK",
      "county": "Northamptonshire",
      "mobility_device": null,
      "profile_picture": "",
      "bio": "In turn theory sea stop skin treat.",
      "age_group": "65_plus",
      "created_at": "2024-02-07 10:50:09+00:00",
      "updated_at": "2025-02-14 15:28:36+00:00"
    }
  },
  {
    "model": "accounts.userprofile",
    "pk": 4,
    "fields": {
      "user": 4,
      "is_wheeler": true,
      "has_business": true,
      "country": "Other",
      "county": "Bedfordshire",
      "mobility_device": "mobility_scooter_class_3",
      "profile_picture": "",
      "bio": "Baby computer center leave program process spend.",
      "age_group": "18_24",
      "created_at": "2021-04-19 07:41:20+00:00",
      "updated_at": "2025-01-15 05:10:16+00:00"
    }
  },
  {
    "model": "accounts.userprofile",
    "pk": 5,
    "fields": {
      "user": 5,
      "is_wheeler": false,
      "has_business": true,
      "country": "Other",
      "county": "South Yorkshire",
      "mobility_device": null,
      "profile_picture": "",
      "bio": "Phone tonight prove box physical time.",
      "age_group": "35_44",
      "created_at": "2022-10-02 06:30:38+00:00",
      "updated_at": "2025-01-05 07:27:00+00:00"
    }
  },
  {
    "model": "accounts.userprofile",
    "pk": 6,
    "fields": {
      "user": 6,
      "is_wheeler": true,
      "has_business": true,
      "country": "Other",
      "county": "Warwickshire",
      "mobility_device": "bicycle",
      "profile_picture": "",
      "bio": "Pattern without herself increase summer interesting.",
      "age_group": "35_44",
      "created_at": "2024-04-24 15:14:39+00:00",
      "updated_at": "2025-05-28 10:47:38+00:00"
    }
  },
  {
    "model": "accounts.userprofile",
    "pk": 7,
    "fields": {
      "user": 7,
      "is_wheeler": false,
      "has_business": true,
      "country": "UK",
      "county": "West Yorkshire",
      "mobility_device": null,
      "profile_picture": "",
      "bio": "Nor event set central.",
      "age_group": "55_64",
      "created_at": "2025-04-02 19:51:28+00:00",
      "updated_at": "2025-06-26 10:00:25+00:00"
    }
  },
  {
    "model": "accounts.userprofile",
    "pk": 8,
    "fields": {
      "user": 8,
      "is_wheeler": true,
      "has_business": true,
      "country": "UK",
      "county": "Lancashire",
      "mobility_device": "mobility_scooter_class_2",
      "profile_picture": "",
      "bio": "Military school business door responsibility lot throughout.",
      "age_group": "35_44",
      "created_at": "2023-03-09 12:23:39+00:00",
      "updated_at": "2025-01-05 18:56:11+00:00"
    }
  },
  {
    "model": "accounts.userprofile",
    "pk": 9,
    "fields": {
      "user": 9,
      "is_wheeler": true,
      "has_business": true,
      "country": "Other",
      "county": "Bristol",
      "mobility_device": "bicycle",
      "profile_picture": "",
      "bio": "Phone north hotel pay study.",
      "age_group": "18_24",
      "created_at": "2023-04-23 14:22:25+00:00",
      "updated_at": "2025-02-04 04:51:32+00:00"
    }
  },
  {
    "model": "accounts.userprofile",
    "pk": 10,
    "fields": {
      "user": 10,
      "is_wheeler": true,
      "has_business": true,
      "country": "UK",
      "county": "City of London",
      "mobility_device": "bicycle",
      "profile_picture": "",
      "bio": "Risk full agent matter.",
      "age_group": "35_44",
      "created_at": "2023-08-05 23:06:32+00:00",
      "updated_at": "2025-05-17 21:20:08+00:00"
    }
  },
  {
    "model": "accounts.userprofile",
    "pk": 11,
    "fields": {
      "user": 11,
      "is_wheeler": true,
      "has_business": false,
      "country": "UK",
      "county": "Suffolk",
      "mobility_device": "mobility_scooter_class_3",
      "profile_picture": "",
      "bio": "Likely various material page other.",
      "age_group": "55_64",
      "created_at": "2020-05-17 09:15:20+00:00",
      "updated_at": "2025-01-09 05:03:09+00:00"
    }
  },
  {
    "model": "accounts.userprofile",
    "pk": 12,
    "fields": {
      "user": 12,
      "is_wheeler": false,
      "has_business": false,
      "country": "UK",
      "county": "Isle of Wight",
      "mobility_device": null,
      "profile_picture": "",
      "bio": "Economy generation above no.",
      "age_group": "55_64",
      "created_at": "2024-08-23 16:07:57+00:00",
      "updated_at": "2025-06-01 21:14:14+00:00"
    }
  },
  {
    "model": "accounts.userprofile",
    "pk": 13,
    "fields": {
      "user": 13,
      "is_wheeler": true,
      "has_business": false,
      "country": "UK",
      "county": "West Yorkshire",
      "mobility_device": "bicycle",
      "profile_picture": "",
      "bio": "Blood gas red lose threat difficult.",
      "age_group": "under_18",
      "created_at": "2024-03-13 03:26:59+00:00",
      "updated_at": "2025-06-10 00:38:22+00:00"
    }
  },
  {
    "model": "accounts.userprofile",
    "pk": 14,
    "fields": {
      "user": 14,
      "is_wheeler": false,
      "has_business": false,
      "country": "UK",
      "county": "Northamptonshire",
      "mobility_device": null,
      "profile_picture": "",
      "bio": "Go policy reveal claim response myself.",
      "age_group": "under_18",
      "created_at": "2024-09-18 08:27:25+00:00",
      "updated_at": "2025-02-06 20:15:38+00:00"
    }
  },
  {
    "model": "accounts.userprofile",
    "pk": 15,
    "fields": {
      "user": 15,
      "is_wheeler": true,
      "has_business": false,
      "country": "UK",
      "county": "Dorset",
      "mobility_device": "all_terrain_wheelchair",
      "profile_picture": "",
      "bio": "Particular pretty drug walk thing same.",
      "age_group": "65_plus",
      "created_at": "2023-04-29 15:06:12+00:00",
      "updated_at": "2025-01-21 12:10:23+00:00"
    }
  },
  {
    "model": "accounts.userprofile",
    "pk": 16,
    "fields": {
      "user": 16,
      "is_wheeler": false,
      "has_business": false,
      "country": "UK",
      "county": "Cambridgeshire",
      "mobility_device": null,
      "profile_picture": "",
      "bio": "Brother point cell hear right.",
      "age_group": "35_44",
      "created_at": "2023-04-21 09:00:30+00:00",
      "updated_at": "2025-06-05 01:37:10+00:00"
    }
  },
  {
    "model": "accounts.userprofile",
    "pk": 17,
    "fields": {
      "user": 17,
      "is_wheeler": false,
      "has_business": false,
      "country": "UK",
      "county": "Rutland",
      "mobility_device": null,
      "profile_picture": "",
      "bio": "Must protect number those.",
      "age_group": "45_54",
      "created_at": "2023-01-17 19:59:20+00:00",
      "updated_at": "2025-02-25 23:37:36+00:00"
    }
  },
  {
    "model": "accounts.userprofile",
    "pk": 18,
    "fields": {
      "user": 18,
      "is_wheeler": false,
      "has_business": false,
      "country": "UK",
      "county": "Lincolnshire",
      "mobility_device": null,
      "profile_picture": "",
      "bio": "Area back seem skin.",
      "age_group": "45_54",
      "created_at": "2024-09-05 11:20:43+00:00",
      "updated_at": "2025-02-15 14:32:26+00:00"
    }
  },
  {
    "model": "accounts.userprofile",
    "pk": 19,
    "fields": {
      "user": 19,
      "is_wheeler": false,
      "has_business": false,
      "country": "UK",
      "county": "Hertfordshire",
      "mobility_device": null,
      "profile_picture": "",
      "bio": "Maintain impact able need than performance.",
      "age_group": "65_plus",
      "created_at": "2024-11-25 20:49:20+00:00",
      "updated_at": "2025-05-28 14:53:39+00:00"
    }
  },
  {
    "model": "accounts.userprofile",
    "pk": 20,
    "fields": {
      "user": 20,
      "is_wheeler": true,
      "has_business": false,
      "country": "Other",
      "county": "Gloucestershire",
      "mobility_device": "tricycle",
      "profile_picture": "",
      "bio": "Strong opportunity read yard.",
      "age_group": "55_64",
      "created_at": "2020-03-14 19:34:33+00:00",
      "updated_at": "2025-06-29 10:00:38+00:00"
    }
  },
  {
    "model": "account.emailaddress",
    "pk": 1,
    "fields": {
      "user": 1,
      "email": "juliejoseph@example.net",
      "verified": true,
      "primary": true
    }
  },
  {
    "model": "account.emailaddress",
    "pk": 2,
    "fields": {
      "user": 2,
      "email": "joan62@example.net",
      "verified": true,
      "primary": true
    }
  },
  {
    "model": "account.emailaddress",
    "pk": 3,
    "fields": {
      "user": 3,
      "email": "cookkayla@example.org",
      "verified": true,
      "primary": true
    }
  },
  {
    "model": "account.emailaddress",
    "pk": 4,
    "fields": {
      "user": 4,
      "email": "lorianderson@example.org",
      "verified": true,
      "primary": true
    }
  },
  {
    "model": "account.emailaddress",
    "pk": 5,
    "fields": {
      "user": 5,
      "email": "zachary85@example.org",
      "verified": true,
      "primary": true
    }
  },
  {
    "model": "account.emailaddress",
    "pk": 6,
    "fields": {
      "user": 6,
      "email": "nmiller@example.org",
      "verified": true,
      "primary": true
    }
  },
  {
    "model": "account.emailaddress",
    "pk": 7,
    "fields": {
      "user": 7,
      "email": "ghill@example.net",
      "verified": true,
      "primary": true
    }
  },
  {
    "model": "account.emailaddress",
    "pk": 8,
    "fields": {
      "user": 8,
      "email": "william29@example.net",
      "verified": true,
      "primary": true
    }
  },
  {
    "model": "account.emailaddress",
    "pk": 9,
    "fields": {
      "user": 9,
      "email": "brooke27@example.org",
      "verified": true,
      "primary": true
    }
  },
  {
    "model": "account.emailaddress",
    "pk": 10,
    "fields": {
      "user": 10,
      "email": "gwashington@example.org",
      "verified": true,
      "primary": true
    }
  },
  {
    "model": "account.emailaddress",
    "pk": 11,
    "fields": {
      "user": 11,
      "email": "vsalinas@example.net",
      "verified": true,
      "primary": true
    }
  },
  {
    "model": "account.emailaddress",
    "pk": 12,
    "fields": {
      "user": 12,
      "email": "robertcurtis@example.org",
      "verified": true,
      "primary": true
    }
  },
  {
    "model": "account.emailaddress",
    "pk": 13,
    "fields": {
      "user": 13,
      "email": "xmack@example.org",
      "verified": true,
      "primary": true
    }
  },
  {
    "model": "account.emailaddress",
    "pk": 14,
    "fields": {
      "user": 14,
      "email": "qtorres@example.org",
      "verified": true,
      "primary": true
    }
  },
  {
    "model": "account.emailaddress",
    "pk": 15,
    "fields": {
      "user": 15,
      "email": "walkerjason@example.com",
      "verified": true,
      "primary": true
    }
  },
  {
    "model": "account.emailaddress",
    "pk": 16,
    "fields": {
      "user": 16,
      "email": "malik27@example.net",
      "verified": true,
      "primary": true
    }
  },
  {
    "model": "account.emailaddress",
    "pk": 17,
    "fields": {
      "user": 17,
      "email": "jbrown@example.org",
      "verified": true,
      "primary": true
    }
  },
  {
    "model": "account.emailaddress",
    "pk": 18,
    "fields": {
      "user": 18,
      "email": "xflores@example.org",
      "verified": true,
      "primary": true
    }
  },
  {
    "model": "account.emailaddress",
    "pk": 19,
    "fields": {
      "user": 19,
      "email": "adamsjennifer@example.net",
      "verified": true,
      "primary": true
    }
  },
  {
    "model": "account.emailaddress",
    "pk": 20,
    "fields": {
      "user": 20,
      "email": "bryanshaffer@example.com",
      "verified": true,
      "primary": true
    }
  },
  {
    "model": "businesses.business",
    "pk": 1,
    "fields": {
      "owner": 1,
      "name": "Jones Inc",
      "description": "Save according several firm century cause.",
      "category": "gym",
      "location": "POINT (-1.432032 51.86433)",
      "address": "18683 Oliver Ridge Suite 039\nWest Jeffreyfort, NE 81017",
      "logo": "",
      "accessibility_features": [
        "step_free"
      ],
      "tier": "supporter",
      "wheeler_verification_requested": false,
      "verified_by_wheelers": false,
      "wheeler_verification_notes": "Old why direction in industry.",
      "is_approved": true,
      "created_at": "2023-09-12 03:11:39+00:00"
    }
  },
  {
    "model": "businesses.business",
    "pk": 2,
    "fields": {
      "owner": 2,
      "name": "Frey-Kim",
      "description": "To relationship approach focus.",
      "category": "healthcare",
      "location": "POINT (1.319877 52.157367)",
      "address": "04886 Lori Pass Apt. 431\nRogersstad, WA 85246",
      "logo": "",
      "accessibility_features": [
        "hearing_loop",
        "low_counter",
        "wide_doors",
        "assistance_available"
      ],
      "tier": "supporter",
      "wheeler_verification_requested": true,
      "verified_by_wheelers": true,
      "wheeler_verification_notes": "Leg sea play impact.",
      "is_approved": true,
      "created_at": "2020-02-12 03:45:29+00:00"
    }
  },
  {
    "model": "businesses.business",
    "pk": 3,
    "fields": {
      "owner": 3,
      "name": "Anderson and Sons",
      "description": "Size firm impact.",
      "category": "cafe",
      "location": "POINT (-2.221649 51.620352)",
      "address": "53065 Ortiz River\nCochranchester, MD 71800",
      "logo": "",
      "accessibility_features": [
        "step_free",
        "wide_doors",
        "accessible_toilet",
        "disabled_parking"
      ],
      "tier": "free",
      "wheeler_verification_requested": true,
      "verified_by_wheelers": true,
      "wheeler_verification_notes": "Just participant control as.",
      "is_approved": true,
      "created_at": "2021-03-02 06:52:51+00:00"
    }
  },
  {
    "model": "businesses.business",
    "pk": 4,
    "fields": {
      "owner": 4,
      "name": "Washington-Martin",
      "description": "Firm thing condition again voice ready.",
      "category": "hotel",
      "location": "POINT (-0.643336 53.017719)",
      "address": "02986 Cardenas Prairie\nNew Erikahaven, FM 60237",
      "logo": "",
      "accessibility_features": [
        "accessible_toilet",
        "low_counter",
        "disabled_parking",
        "assistance_available",
        "wide_doors",
        "step_free",
        "hearing_loop"
      ],
      "tier": "featured",
      "wheeler_verification_requested": true,
      "verified_by_wheelers": false,
      "wheeler_verification_notes": "Create one goal if letter.",
      "is_approved": true,
      "created_at": "2024-06-06 20:03:43+00:00"
    }
  },
  {
    "model": "businesses.business",
    "pk": 5,
    "fields": {
      "owner": 5,
      "name": "Gomez-Jacobson",
      "description": "Take number deal money tough simple.",
      "category": "gym",
      "location": "POINT (-1.331701 52.571846)",
      "address": "773 Rebecca Dam Suite 119\nSmithshire, VI 83950",
      "logo": "",
      "accessibility_features": [
        "assistance_available",
        "step_free",
        "low_counter",
        "disabled_parking"
      ],
      "tier": "featured",
      "wheeler_verification_requested": true,
      "verified_by_wheelers": false,
      "wheeler_verification_notes": "Big offer first never agree move.",
      "is_approved": true,
      "created_at": "2022-02-03 20:25:29+00:00"
    }
  },
  {
    "model": "businesses.business",
    "pk": 6,
    "fields": {
      "owner": 6,
      "name": "Bowers LLC",
      "description": "Address although movement direction name.",
      "category": "healthcare",
      "location": "POINT (-5.053463 50.223717)",
      "address": "Unit 2339 Box 9947\nDPO AA 55696",
      "logo": "",
      "accessibility_features": [
        "assistance_available",
        "disabled_parking",
        "hearing_loop",
        "accessible_toilet",
        "wide_doors",
        "step_free"
      ],
      "tier": "featured",
      "wheeler_verification_requested": true,
      "verified_by_wheelers": true,
      "wheeler_verification_notes": "Several owner out employee take sister the.",
      "is_approved": true,
      "created_at": "2024-02-15 19:42:57+00:00"
    }
  },
  {
    "model": "businesses.business",
    "pk": 7,
    "fields": {
      "owner": 7,
      "name": "Frye Inc",
      "description": "Fast maybe cause live.",
      "category": "gym",
      "location": "POINT (-4.610362 50.613421)",
      "address": "971 Lowe Lake Apt. 804\nWattsshire, HI 04958",
      "logo": "",
      "accessibility_features": [
        "disabled_parking",
        "assistance_available",
        "low_counter",
        "wide_doors",
        "step_free",
        "accessible_toilet",
        "hearing_loop"
      ],
      "tier": "free",
      "wheeler_verification_requested": false,
      "verified_by_wheelers": false,
      "wheeler_verification_notes": "Let staff school believe.",
      "is_approved": true,
      "created_at": "2022-02-04 17:22:22+00:00"
    }
  },
  {
    "model": "businesses.business",
    "pk": 8,
    "fields": {
      "owner": 8,
      "name": "Smith Ltd",
      "description": "By raise room cell.",
      "category": "gym",
      "location": "POINT (-2.506389 54.060473)",
      "address": "23676 Reyes Mission Apt. 226\nLake Alexandra, TX 74630",
      "logo": "",
      "accessibility_features": [
        "disabled_parking",
        "hearing_loop"
      ],
      "tier": "supporter",
      "wheeler_verification_requested": false,
      "verified_by_wheelers": false,
      "wheeler_verification_notes": "Enjoy not southern quality goal sort.",
      "is_approved": true,
      "created_at": "2021-09-28 06:44:13+00:00"
    }
  },
  {
    "model": "businesses.business",
    "pk": 9,
    "fields": {
      "owner": 9,
      "name": "Smith-Clark",
      "description": "Nor a future memory trial eight specific have.",
      "category": "hotel",
      "location": "POINT (-1.144409 54.019974)",
      "address": "Unit 3460 Box 3059\nDPO AP 23229",
      "logo": "",
      "accessibility_features": [
        "step_free",
        "accessible_toilet",
        "assistance_available",
        "wide_doors"
      ],
      "tier": "featured",
      "wheeler_verification_requested": false,
      "verified_by_wheelers": true,
      "wheeler_verification_notes": "Pm Democrat rather begin interest.",
      "is_approved": true,
      "created_at": "2022-11-11 22:18:47+00:00"
    }
  },
  {
    "model": "businesses.business",
    "pk": 10,
    "fields": {
      "owner": 10,
      "name": "Hood PLC",
      "description": "Approach wish open.",
      "category": "cafe",
      "location": "POINT (-1.662985 53.493858)",
      "address": "9259 Lori Creek Apt. 138\nKristinaview, MS 63451",
      "logo": "",
      "accessibility_features": [
        "disabled_parking"
      ],
      "tier": "featured",
      "wheeler_verification_requested": true,
      "verified_by_wheelers": true,
      "wheeler_verification_notes": "Call area design red.",
      "is_approved": true,
      "created_at": "2023-08-18 14:35:28+00:00"
    }
  }
]