[
  {
    "model": "auth.user",
    "pk": 1,
    "fields": {
      "username": "wheeler_user_1",
      "email": "reynoldsjosephine@example.org",
      "password": "pbkdf2_sha256$1000000$B7ewaARH3SInVJpYkrpW5c$r8hbM4JEDjndQ/Y8bXtnqj6t4PShIz0kJfK6vTZn5h0=",
      "is_active": true,
      "is_staff": false,
      "is_superuser": false,
      "first_name": "Vincent",
      "last_name": "Phillips"
    }
  },
  {
    "model": "auth.user",
    "pk": 2,
    "fields": {
      "username": "wheeler_user_2",
      "email": "gareth59@example.org",
      "password": "pbkdf2_sha256$1000000$60O15OQyQXk9tt0xHbesxi$nsf8HlctkTpPzBWqmAiJkxTNwLJ+qAnlSdX9g4e1dmI=",
      "is_active": true,
      "is_staff": false,
      "is_superuser": false,
      "first_name": "Glenn",
      "last_name": "Collier"
    }
  },
  {
    "model": "auth.user",
    "pk": 11,
    "fields": {
      "username": "business_user_1",
      "email": "jonesfrederick@example.net",
      "password": "pbkdf2_sha256$1000000$oNODL5jWutKSM036lHSx8K$SY2BPpL5reExeXtQh5/6lvS/nzegGPnfSVDx/HOP5Xw=",
      "is_active": true,
      "is_staff": false,
      "is_superuser": false,
      "first_name": "Abdul",
      "last_name": "Powell"
    }
  },
  {
    "model": "auth.user",
    "pk": 12,
    "fields": {
      "username": "business_user_2",
      "email": "usmith@example.net",
      "password": "pbkdf2_sha256$1000000$WER1DlUNLi6IJzeThSe9FO$5DBOtXGyVtW/LBeyGeeefKCLXXRyNB1I9UCQxAt2zb8=",
      "is_active": true,
      "is_staff": false,
      "is_superuser": false,
      "first_name": "Hazel",
      "last_name": "Leonard"
    }
  },
  {
    "model": "auth.user",
    "pk": 13,
    "fields": {
      "username": "business_user_3",
      "email": "vmason@example.com",
      "password": "pbkdf2_sha256$1000000$blaDiUTIyoctEw7qMhin5v$BXBRoBR5axQXpc4u4my6aQ0P7hICJvqu8Yoc9clWGeo=",
      "is_active": true,
      "is_staff": false,
      "is_superuser": false,
      "first_name": "Jeremy",
      "last_name": "Morgan"
    }
  },
  {
    "model": "auth.user",
    "pk": 14,
    "fields": {
      "username": "business_user_4",
      "email": "eperry@example.com",
      "password": "pbkdf2_sha256$1000000$nqkAGgOUDH2O6IMBrgmTeU$+fazVZYgPT3bwp+n7qtfkjg0mTCjtMnKI4kqi/3zjLQ=",
      "is_active": true,
      "is_staff": false,
      "is_superuser": false,
      "first_name": "Kyle",
      "last_name": "Bailey"
    }
  },
  {
    "model": "auth.user",
    "pk": 15,
    "fields": {
      "username": "business_user_5",
      "email": "stephaniewilliams@example.org",
      "password": "pbkdf2_sha256$1000000$NA5uuKgCsRgxxd6j2Eo2iJ$qlOu3sh//pgc4U1WrIVhwy2tG2UvP2i8hloN2PwAnTA=",
      "is_active": true,
      "is_staff": false,
      "is_superuser": false,
      "first_name": "Reece",
      "last_name": "Hill"
    }
  },
  {
    "model": "auth.user",
    "pk": 16,
    "fields": {
      "username": "business_user_6",
      "email": "norrischeryl@example.com",
      "password": "pbkdf2_sha256$1000000$gz6YSY562O10HjJxpzrqDx$U7BW5unVu4HYnZJWNdQ2zv+M7u/gvd+A61aveDOnIgo=",
      "is_active": true,
      "is_staff": false,
      "is_superuser": false,
      "first_name": "Yvonne",
      "last_name": "Lawrence"
    }
  },
  {
    "model": "auth.user",
    "pk": 17,
    "fields": {
      "username": "business_user_7",
      "email": "pgiles@example.com",
      "password": "pbkdf2_sha256$1000000$bgSzCimHdnHQu5fBqkSP9o$UnA/Silc90CQoWHPw8yjVOHbfygudLXeNsy2RS2MPEU=",
      "is_active": true,
      "is_staff": false,
      "is_superuser": false,
      "first_name": "Kathleen",
      "last_name": "Bailey"
    }
  },
  {
    "model": "auth.user",
    "pk": 18,
    "fields": {
      "username": "business_user_8",
      "email": "nspencer@example.com",
      "password": "pbkdf2_sha256$1000000$6aIDqLoiQK9igfimC7fMqR$+s8/hXgoB+lOW61XrxxBmGs533Ibb5/KXFUAl481T8E=",
      "is_active": true,
      "is_staff": false,
      "is_superuser": false,
      "first_name": "Sara",
      "last_name": "Osborne"
    }
  },
  {
    "model": "auth.user",
    "pk": 19,
    "fields": {
      "username": "business_user_9",
      "email": "joankay@example.com",
      "password": "pbkdf2_sha256$1000000$NHWlfwc6Wqs9vjmQ7DVFdj$DyQ+DKEnzFi0M9+eLDo+iOY/qIMU6wQk1HlSpEAR3Xg=",
      "is_active": true,
      "is_staff": false,
      "is_superuser": false,
      "first_name": "Albert",
      "last_name": "Welch"
    }
  },
  {
    "model": "auth.user",
    "pk": 20,
    "fields": {
      "username": "business_user_10",
      "email": "burtonnaomi@example.org",
      "password": "pbkdf2_sha256$1000000$tisvemEAiHCKaVXfWzpH14$tUTiPWuHPn7GA63cRMX9FC1K1RXxSM7Rg+lnM8c6KNo=",
      "is_active": true,
      "is_staff": false,
      "is_superuser": false,
      "first_name": "Leslie",
      "last_name": "Wilkinson"
    }
  },
  {
    "model": "accounts.userprofile",
    "pk": 1,
    "fields": {
      "user": 1,
      "is_wheeler": true,
      "has_business": false,
      "country": "GB",
      "county": "East Renfrewshire",
      "mobility_device": "handcycle",
      "age_group": "35_44",
      "created_at": "2022-08-11 03:23:49+00:00",
      "updated_at": "2025-05-16 07:16:05+00:00"
    }
  },
  {
    "model": "accounts.userprofile",
    "pk": 2,
    "fields": {
      "user": 2,
      "is_wheeler": true,
      "has_business": false,
      "country": "GB",
      "county": "Dumfries and Galloway",
      "mobility_device": "tricycle",
      "age_group": "55_64",
      "created_at": "2024-06-28 17:13:01+00:00",
      "updated_at": "2025-01-24 00:00:56+00:00"
    }
  },
  {
    "model": "accounts.userprofile",
    "pk": 11,
    "fields": {
      "user": 11,
      "is_wheeler": false,
      "has_business": true,
      "country": "UK",
      "county": "West Lothian",
      "mobility_device": null,
      "age_group": "65_plus",
      "created_at": "2023-09-22 05:52:30+00:00",
      "updated_at": "2025-04-03 16:44:28+00:00"
    }
  },
  {
    "model": "accounts.userprofile",
    "pk": 12,
    "fields": {
      "user": 12,
      "is_wheeler": false,
      "has_business": true,
      "country": "UK",
      "county": "Cardiganshire",
      "mobility_device": null,
      "age_group": "35_44",
      "created_at": "2025-04-30 11:25:40+00:00",
      "updated_at": "2025-05-04 07:43:20+00:00"
    }
  },
  {
    "model": "accounts.userprofile",
    "pk": 13,
    "fields": {
      "user": 13,
      "is_wheeler": false,
      "has_business": true,
      "country": "UK",
      "county": "Highland",
      "mobility_device": null,
      "age_group": "under_18",
      "created_at": "2020-02-04 08:13:51+00:00",
      "updated_at": "2025-07-02 19:38:15+00:00"
    }
  },
  {
    "model": "accounts.userprofile",
    "pk": 14,
    "fields": {
      "user": 14,
      "is_wheeler": false,
      "has_business": true,
      "country": "UK",
      "county": "Orkney Islands",
      "mobility_device": null,
      "age_group": "55_64",
      "created_at": "2020-12-01 09:13:04+00:00",
      "updated_at": "2025-04-26 17:44:38+00:00"
    }
  },
  {
    "model": "accounts.userprofile",
    "pk": 15,
    "fields": {
      "user": 15,
      "is_wheeler": false,
      "has_business": true,
      "country": "UK",
      "county": "Edinburgh",
      "mobility_device": null,
      "age_group": "65_plus",
      "created_at": "2024-05-17 08:54:18+00:00",
      "updated_at": "2025-03-12 13:22:32+00:00"
    }
  },
  {
    "model": "accounts.userprofile",
    "pk": 16,
    "fields": {
      "user": 16,
      "is_wheeler": false,
      "has_business": true,
      "country": "UK",
      "county": "Falkirk",
      "mobility_device": null,
      "age_group": "65_plus",
      "created_at": "2024-10-26 16:11:20+00:00",
      "updated_at": "2025-04-25 19:25:25+00:00"
    }
  },
  {
    "model": "accounts.userprofile",
    "pk": 17,
    "fields": {
      "user": 17,
      "is_wheeler": false,
      "has_business": true,
      "country": "UK",
      "county": "Orkney Islands",
      "mobility_device": null,
      "age_group": "35_44",
      "created_at": "2025-04-11 04:06:42+00:00",
      "updated_at": "2025-05-07 02:12:31+00:00"
    }
  },
  {
    "model": "accounts.userprofile",
    "pk": 18,
    "fields": {
      "user": 18,
      "is_wheeler": false,
      "has_business": true,
      "country": "UK",
      "county": "North Yorkshire",
      "mobility_device": null,
      "age_group": "35_44",
      "created_at": "2022-04-26 10:50:58+00:00",
      "updated_at": "2025-06-06 09:33:35+00:00"
    }
  },
  {
    "model": "accounts.userprofile",
    "pk": 19,
    "fields": {
      "user": 19,
      "is_wheeler": false,
      "has_business": true,
      "country": "UK",
      "county": "Glamorgan",
      "mobility_device": null,
      "age_group": "under_18",
      "created_at": "2023-08-14 10:54:41+00:00",
      "updated_at": "2025-03-26 00:18:25+00:00"
    }
  },
  {
    "model": "accounts.userprofile",
    "pk": 20,
    "fields": {
      "user": 20,
      "is_wheeler": false,
      "has_business": true,
      "country": "UK",
      "county": "Berkshire",
      "mobility_device": null,
      "age_group": "55_64",
      "created_at": "2023-01-06 03:51:24+00:00",
      "updated_at": "2025-01-29 10:08:19+00:00"
    }
  },
  {
    "model": "account.emailaddress",
    "pk": 1,
    "fields": {
      "user": 1,
      "email": "reynoldsjosephine@example.org",
      "verified": true,
      "primary": true
    }
  },
  {
    "model": "account.emailaddress",
    "pk": 2,
    "fields": {
      "user": 2,
      "email": "gareth59@example.org",
      "verified": true,
      "primary": true
    }
  },
  {
    "model": "account.emailaddress",
    "pk": 11,
    "fields": {
      "user": 11,
      "email": "jonesfrederick@example.net",
      "verified": true,
      "primary": true
    }
  },
  {
    "model": "account.emailaddress",
    "pk": 12,
    "fields": {
      "user": 12,
      "email": "usmith@example.net",
      "verified": true,
      "primary": true
    }
  },
  {
    "model": "account.emailaddress",
    "pk": 13,
    "fields": {
      "user": 13,
      "email": "vmason@example.com",
      "verified": true,
      "primary": true
    }
  },
  {
    "model": "account.emailaddress",
    "pk": 14,
    "fields": {
      "user": 14,
      "email": "eperry@example.com",
      "verified": true,
      "primary": true
    }
  },
  {
    "model": "account.emailaddress",
    "pk": 15,
    "fields": {
      "user": 15,
      "email": "stephaniewilliams@example.org",
      "verified": true,
      "primary": true
    }
  },
  {
    "model": "account.emailaddress",
    "pk": 16,
    "fields": {
      "user": 16,
      "email": "norrischeryl@example.com",
      "verified": true,
      "primary": true
    }
  },
  {
    "model": "account.emailaddress",
    "pk": 17,
    "fields": {
      "user": 17,
      "email": "pgiles@example.com",
      "verified": true,
      "primary": true
    }
  },
  {
    "model": "account.emailaddress",
    "pk": 18,
    "fields": {
      "user": 18,
      "email": "nspencer@example.com",
      "verified": true,
      "primary": true
    }
  },
  {
    "model": "account.emailaddress",
    "pk": 19,
    "fields": {
      "user": 19,
      "email": "joankay@example.com",
      "verified": true,
      "primary": true
    }
  },
  {
    "model": "account.emailaddress",
    "pk": 20,
    "fields": {
      "user": 20,
      "email": "burtonnaomi@example.org",
      "verified": true,
      "primary": true
    }
  },
  {
    "model": "businesses.business",
    "pk": 1,
    "fields": {
      "business_owner": 11,
      "business_name": "Kelly, Higgins and Banks",
      "description": "Rerum quas facere ex in optio.",
      "categories": [
        29,
        43
      ],
      "location": "POINT (-1.386477 53.834313)",
      "address": "9 Jennifer pike\nCollinsborough\nGL6 3FU",
      "accessibility_features": [
        3,
        9,
        14,
        6,
        11
      ],
      "logo": "https://picsum.photos/400/400",
      "website": "https://russell-roberts.info/",
      "opening_hours": "Mon-Fri 09:00-17:00",
      "public_phone": "(020) 7496 0244",
      "contact_phone": "+441914960235",
      "public_email": "kingbruce@rahman-evans.com",
      "services_offered": "Error deserunt totam cupiditate.",
      "special_offers": "Aliquid ut deleniti voluptatum earum doloremque.",
      "facebook_url": "https://facebook.com/blue-benefit-own",
      "instagram_url": "https://instagram.com/responsibility",
      "x_twitter_url": "https://twitter.com/happen-paper-heart",
      "pricing_tier": 2,
      "billing_frequency": "monthly",
      "wheeler_verification_requested": false,
      "verified_by_wheelers": true,
      "wheeler_verification_notes": "Molestias maiores corrupti consequatur.",
      "is_approved": true,
      "created_at": "2021-02-11 06:34:52+00:00"
    }
  },
  {
    "model": "businesses.business",
    "pk": 2,
    "fields": {
      "business_owner": 12,
      "business_name": "Dixon and Sons",
      "description": "Nemo temporibus eligendi at.",
      "categories": [
        76
      ],
      "location": "POINT (-3.128925 50.881642)",
      "address": "Flat 24\nRobin centers\nSouth Yvonne\nB3 9HF",
      "accessibility_features": [
        14,
        1,
        13,
        10,
        16,
        7,
        11,
        12,
        2,
        6,
        9,
        15,
        4
      ],
      "logo": "https://picsum.photos/400/400",
      "website": "http://flynn-white.net/",
      "opening_hours": "Mon-Fri 09:00-17:00",
      "public_phone": "+44(0)114 4960336",
      "contact_phone": "+44141 496 0013",
      "public_email": "matthew94@goodwin.com",
      "services_offered": "Facere harum ex similique mollitia nihil temporibus ex.",
      "special_offers": "Alias voluptates porro rerum rem neque mollitia nemo accusantium.",
      "facebook_url": "https://facebook.com/find-learn-family",
      "instagram_url": "https://instagram.com/future-fight-bill",
      "x_twitter_url": "https://twitter.com/husband-size-help",
      "pricing_tier": 3,
      "billing_frequency": "monthly",
      "wheeler_verification_requested": false,
      "verified_by_wheelers": true,
      "wheeler_verification_notes": "Neque omnis aspernatur dignissimos dicta.",
      "is_approved": true,
      "created_at": "2021-01-22 23:01:59+00:00"
    }
  },
  {
    "model": "businesses.business",
    "pk": 3,
    "fields": {
      "business_owner": 13,
      "business_name": "Thompson-Fox",
      "description": "Expedita labore odit amet nam ut.",
      "categories": [
        5
      ],
      "location": "POINT (-2.157374 50.994909)",
      "address": "Flat 31\nHenderson place\nLorraineshire\nS7W 8ZF",
      "accessibility_features": [
        3,
        2,
        15,
        9,
        13,
        7,
        16
      ],
      "logo": "https://picsum.photos/400/400",
      "website": "https://www.heath.com/",
      "opening_hours": "Mon-Fri 09:00-17:00",
      "public_phone": "+441632 960 816",
      "contact_phone": "+441214960322",
      "public_email": "williamsmarcus@evans.com",
      "services_offered": "Quidem atque tempore voluptates.",
      "special_offers": "Voluptatibus labore accusamus deserunt possimus.",
      "facebook_url": "https://facebook.com/whose-model-hit",
      "instagram_url": "https://instagram.com/interest-team",
      "x_twitter_url": "https://twitter.com/voice-happen-since",
      "pricing_tier": 1,
      "billing_frequency": "monthly",
      "wheeler_verification_requested": false,
      "verified_by_wheelers": true,
      "wheeler_verification_notes": "Eius quibusdam et neque quae provident.",
      "is_approved": true,
      "created_at": "2023-05-25 16:03:40+00:00"
    }
  },
  {
    "model": "businesses.business",
    "pk": 4,
    "fields": {
      "business_owner": 14,
      "business_name": "Lewis-Rogers",
      "description": "Autem sed beatae ducimus vero.",
      "categories": [
        15
      ],
      "location": "POINT (-2.388687 52.128914)",
      "address": "3 Marilyn branch\nNew Rachel\nHX63 9AD",
      "accessibility_features": [
        7,
        16,
        14,
        13,
        15,
        12,
        3,
        4,
        11,
        5,
        8,
        9,
        1,
        2
      ],
      "logo": "https://placekitten.com/400/400",
      "website": "https://bentley-gardiner.co.uk/",
      "opening_hours": "Mon-Fri 09:00-17:00",
      "public_phone": "(0131)4960937",
      "contact_phone": "01632960164",
      "public_email": "jessica11@gallagher-grant.com",
      "services_offered": "Dolorum deserunt ut a.",
      "special_offers": "Soluta necessitatibus laboriosam eum cum quibusdam rem rerum id.",
      "facebook_url": "https://facebook.com/business-black",
      "instagram_url": "https://instagram.com/put-weight-ability",
      "x_twitter_url": "https://twitter.com/near-create-over",
      "pricing_tier": 2,
      "billing_frequency": "monthly",
      "wheeler_verification_requested": false,
      "verified_by_wheelers": true,
      "wheeler_verification_notes": "Omnis quis aliquam distinctio error eos.",
      "is_approved": true,
      "created_at": "2025-07-10 17:13:24+00:00"
    }
  },
  {
    "model": "businesses.business",
    "pk": 5,
    "fields": {
      "business_owner": 15,
      "business_name": "Stephenson and Sons",
      "description": "Aut quo facere dolore.",
      "categories": [
        58
      ],
      "location": "POINT (0.343144 52.09692)",
      "address": "Flat 24O\nHenry parks\nSouth Holly\nW5 0GW",
      "accessibility_features": [
        1,
        9,
        3,
        15,
        6,
        8,
        14,
        12,
        16,
        5,
        7,
        4,
        2,
        10,
        13,
        11
      ],
      "logo": "https://picsum.photos/400/400",
      "website": "http://www.white.com/",
      "opening_hours": "Mon-Fri 09:00-17:00",
      "public_phone": "+44(0)118 496 0667",
      "contact_phone": "+44161 4960634",
      "public_email": "katemitchell@page.info",
      "services_offered": "Dolor sunt molestiae nam facilis voluptatibus.",
      "special_offers": "Minus molestiae laboriosam maiores quibusdam id.",
      "facebook_url": "https://facebook.com/campaign-fast-his",
      "instagram_url": "https://instagram.com/next-deep-when",
      "x_twitter_url": "https://twitter.com/listen-keep-cold",
      "pricing_tier": 3,
      "billing_frequency": "monthly",
      "wheeler_verification_requested": true,
      "verified_by_wheelers": true,
      "wheeler_verification_notes": "Doloribus dolorum ab provident eveniet consectetur est.",
      "is_approved": true,
      "created_at": "2023-02-03 06:13:26+00:00"
    }
  },
  {
    "model": "businesses.business",
    "pk": 6,
    "fields": {
      "business_owner": 16,
      "business_name": "Jones-Oliver",
      "description": "Quibusdam ipsam accusamus illum.",
      "categories": [
        54
      ],
      "location": "POINT (-2.131195 52.412848)",
      "address": "Studio 3\nIain street\nWest Sianmouth\nB6 2AL",
      "accessibility_features": [
        12,
        7,
        14,
        1,
        5,
        10,
        3,
        6,
        15
      ],
      "logo": "https://dummyimage.com/400x400",
      "website": "http://www.begum.co.uk/",
      "opening_hours": "Mon-Fri 09:00-17:00",
      "public_phone": "+44(0)151 496 0030",
      "contact_phone": "+441632 960 136",
      "public_email": "megan59@robertson.com",
      "services_offered": "Aliquam quibusdam facilis ipsum aliquam assumenda.",
      "special_offers": "Cupiditate debitis magni et consequuntur numquam praesentium molestiae.",
      "facebook_url": "https://facebook.com/to-shake-scene-way",
      "instagram_url": "https://instagram.com/large-son-few-argue",
      "x_twitter_url": "https://twitter.com/politics-manager",
      "pricing_tier": 1,
      "billing_frequency": "yearly",
      "wheeler_verification_requested": false,
      "verified_by_wheelers": true,
      "wheeler_verification_notes": "Pariatur deleniti laudantium.",
      "is_approved": true,
      "created_at": "2021-01-26 18:46:51+00:00"
    }
  },
  {
    "model": "businesses.business",
    "pk": 7,
    "fields": {
      "business_owner": 17,
      "business_name": "James-Holt",
      "description": "Quibusdam minus voluptatibus alias doloremque quaerat iure.",
      "categories": [
        52,
        20
      ],
      "location": "POINT (-0.730064 51.204822)",
      "address": "Studio 2\nLee trail\nMaxland\nE77 8LB",
      "accessibility_features": [
        10,
        12,
        6,
        1,
        3,
        5,
        16,
        4,
        15,
        7,
        9,
        14,
        2,
        13,
        11
      ],
      "logo": "https://dummyimage.com/400x400",
      "website": "https://green.com/",
      "opening_hours": "Mon-Fri 09:00-17:00",
      "public_phone": "+44113 4960480",
      "contact_phone": "(020) 74960394",
      "public_email": "smithmaureen@heath.org",
      "services_offered": "Ex voluptatum corporis modi veritatis sint.",
      "special_offers": "Accusantium ipsam sapiente quos beatae veritatis tempore quisquam unde doloremque.",
      "facebook_url": "https://facebook.com/eight-name-cut",
      "instagram_url": "https://instagram.com/american-gas-until",
      "x_twitter_url": "https://twitter.com/large-heart-would",
      "pricing_tier": 2,
      "billing_frequency": "monthly",
      "wheeler_verification_requested": true,
      "verified_by_wheelers": true,
      "wheeler_verification_notes": "Nostrum nam ducimus natus.",
      "is_approved": true,
      "created_at": "2020-01-21 03:54:52+00:00"
    }
  },
  {
    "model": "businesses.business",
    "pk": 8,
    "fields": {
      "business_owner": 18,
      "business_name": "Watts, Marshall and Vaughan",
      "description": "Dolor ipsum voluptas expedita enim.",
      "categories": [
        65
      ],
      "location": "POINT (-2.233823 52.089924)",
      "address": "Flat 8\nAnthony throughway\nLambertchester\nNG43 0LW",
      "accessibility_features": [
        15,
        14,
        7,
        5,
        6,
        3,
        16,
        1,
        2,
        12,
        11,
        9,
        4,
        10
      ],
      "logo": "https://picsum.photos/400/400",
      "website": "https://www.oliver.com/",
      "opening_hours": "Mon-Fri 09:00-17:00",
      "public_phone": "+441632 960 254",
      "contact_phone": "+44191 496 0000",
      "public_email": "reecegregory@williams-owen.com",
      "services_offered": "Impedit cupiditate odio corrupti adipisci necessitatibus.",
      "special_offers": "Dolor illum ea totam soluta.",
      "facebook_url": "https://facebook.com/live-reveal-father",
      "instagram_url": "https://instagram.com/wonder-stage-future",
      "x_twitter_url": "https://twitter.com/responsibility",
      "pricing_tier": 2,
      "billing_frequency": "yearly",
      "wheeler_verification_requested": false,
      "verified_by_wheelers": true,
      "wheeler_verification_notes": "Perspiciatis aperiam consequatur atque.",
      "is_approved": true,
      "created_at": "2020-11-14 11:24:00+00:00"
    }
  },
  {
    "model": "businesses.business",
    "pk": 9,
    "fields": {
      "business_owner": 19,
      "business_name": "Smith and Sons",
      "description": "Ut doloremque illo ab.",
      "categories": [
        14,
        80
      ],
      "location": "POINT (-0.241209 52.54957)",
      "address": "951 Leanne path\nRobinland\nG7W 4QW",
      "accessibility_features": [
        14,
        6,
        1,
        8,
        4,
        12,
        10,
        11
      ],
      "logo": "https://placekitten.com/400/400",
      "website": "http://goodwin.org/",
      "opening_hours": "Mon-Fri 09:00-17:00",
      "public_phone": "+44292018441",
      "contact_phone": "+44808 157 0499",
      "public_email": "grahamgregory@smith.org",
      "services_offered": "Veritatis ut voluptate aspernatur quia.",
      "special_offers": "Mollitia alias fuga hic soluta aspernatur.",
      "facebook_url": "https://facebook.com/partner-newspaper",
      "instagram_url": "https://instagram.com/establish-happen",
      "x_twitter_url": "https://twitter.com/remain-blood-bar",
      "pricing_tier": 1,
      "billing_frequency": "monthly",
      "wheeler_verification_requested": true,
      "verified_by_wheelers": true,
      "wheeler_verification_notes": "Voluptatem commodi cumque dignissimos et atque.",
      "is_approved": true,
      "created_at": "2025-01-06 04:04:42+00:00"
    }
  },
  {
    "model": "businesses.business",
    "pk": 10,
    "fields": {
      "business_owner": 20,
      "business_name": "Webb Group",
      "description": "Illum voluptate facilis iste animi at ducimus.",
      "categories": [
        29
      ],
      "location": "POINT (-1.822127 50.872836)",
      "address": "Flat 87\nStacey hollow\nPort Deniseside\nN0 0HN",
      "accessibility_features": [
        5,
        8,
        13,
        7,
        6,
        9,
        12,
        2,
        4
      ],
      "logo": "https://dummyimage.com/400x400",
      "website": "https://francis-brown.net/",
      "opening_hours": "Mon-Fri 09:00-17:00",
      "public_phone": "+44(0)20 7496 0085",
      "contact_phone": "(0131) 496 0845",
      "public_email": "wwatson@yates-hayes.com",
      "services_offered": "Perferendis accusantium sint explicabo.",
      "special_offers": "Consequatur est totam voluptatem nesciunt veritatis.",
      "facebook_url": "https://facebook.com/relationship-the",
      "instagram_url": "https://instagram.com/ago-mission-western",
      "x_twitter_url": "https://twitter.com/join-business-last",
      "pricing_tier": 1,
      "billing_frequency": "monthly",
      "wheeler_verification_requested": false,
      "verified_by_wheelers": false,
      "wheeler_verification_notes": "Maxime at error consequuntur.",
      "is_approved": true,
      "created_at": "2022-06-14 03:28:59+00:00"
    }
  }
]